store,address,phone
대전시청역점,"대전광역시 서구 둔산동 1451, 둔산타워 제1층 제101호",정보 없음
제주동문시장점,제주특별자치도 제주시 동문로 8-1,정보 없음
신세계센텀시티점,부산광역시 해운대구 센텀남대로 35 신세계센텀시티 7층,정보 없음
마포경찰공제회점,"서울시 마포구 마포대로 78 (도화동 566), 경찰공제회 자람빌딩 1층",정보 없음
서현역점,경기도 성남시 서현동 246-4 1층,정보 없음
의정부민락점,경기도 의정부시 민락동 805-3 해동2타워 제1층 104호~106호,정보 없음
경복궁역3번출구점,서울특별시 종로구 자하문로 10,정보 없음
캐리비안베이점,경기 용인시 처인구 포곡읍 에버랜드로 199 캐리비안베이 비치사이드카페 1층,정보 없음
인천공항 T2랜드3F동편점,인천 중구 제2터미널대로 446 인천공항 제2여객터미널 랜드사이드 3층 동편 (GATE11~12번),정보 없음
부산연산역6번출구점,부산광역시 연제구 연산동 739-18 엠파크 제지 1층,정보 없음
