title,link,description,pubDate
"카카오페이, 1분기 영업이익 44억원…흑자 전환 '성공'",http://www.shinailbo.co.kr/news/articleView.html?idxno=2048559,"시장을 선도하고 있는 해외<b>여행</b>보험에 이어 선보인 국내<b>여행</b>보험도 출시 1개월 만에 가입자 1만명을 돌파하며 빠른 속도로 시장에 안착하고 있으며, ‘선물하는 자녀보험’을 통해 가족 관련 카테고리의 범주를... ","Wed, 07 May 2025 16:28:00 +0900"
[울산24시] 문수야구장에 유스호스텔 건립…300여명 수용,https://n.news.naver.com/mnews/article/586/0000102810?sid=102,또 거리 공연(버스킹)·축제·예술행사·춤 경연(댄스챌린지)·야간<b>여행</b>상품 등과 연계하고 온‧오프라인 홍보를 통해 '울산교 빛쇼'를 널리 알려 나갈 방침이다. 빛쇼는 오는 9일부터 매주 금요일·토요일 오후 7시... ,"Wed, 07 May 2025 16:27:00 +0900"
"진도군, 관광두레 주민공동체 모집",https://www.siminilbo.co.kr/news/newsview.php?ncode=1160292226271691,"이번 모집은 군에 거주하는 3인 이상의 주민공동체를 대상으로 하며, 숙박, 체험, 식음, 기념품, 주민<b>여행</b>사 등 관광 관련 사업을 준비 중이거나 이미 운영 중인 공동체가 지원할 수 있고, 선정된 공동체에는 최대... ","Wed, 07 May 2025 16:26:00 +0900"
"하나투어, 싱가포르 만다이 그룹과 업무협약",https://daily.hankooki.com/news/articleView.html?idxno=1212852,"하나투어 관계자는 &quot;이번 협약은 자연, 생태 기반의 지속가능한 친환경 <b>여행</b>을 위한 전략적 업무협약&quot;이라며 &quot;싱가포르 지역 내 차별화된 상품 개발로 고객 만족도를 높이고 글로벌 제휴를 확대해 나갈 것&quot;이라고 말했다.","Wed, 07 May 2025 16:26:00 +0900"
"마이데이터로 떠나는 관광… NICE평가정보, '<b>여행</b>어때' 서비스 오픈",http://mbnmoney.mbn.co.kr/news/view?news_no=MM1005546828,NICE평가정보가 <b>여행</b> 및 숙박 관련 데이터를 활용한 전 분야 마이데이터 선도서비스인 '마이데이터로 떠나는 <b>여행</b>어때'(이하 <b>여행</b>어때)를 정식 오픈했다고 오늘(7일) 밝혔습니다. 지난 3월 국민 누구나 본인의 정보를 원하는... ,"Wed, 07 May 2025 16:26:00 +0900"
'MZ세대 휴먼스토리'...여수시 관광지 배경 '그림자' 제작,https://daily.hankooki.com/news/articleView.html?idxno=1212829,"웹드라마 '그림자'는 1화 '시간<b>여행</b>', 2화 '기억의 섬', 3화 '데칼코마니', 4화 '어둠을 지나', 5화 '빛을 향해' 등 총 5화, 50분 내외로 제작된다. 촬영지는 율촌 벚꽃길, 율촌역(폐역), 여자만 상봉데크길, 반월마을, 선소... ","Wed, 07 May 2025 16:26:00 +0900"
"순천시, 황금연휴 4일간 36만명 방문해 대한민국 생태·가족 <b>여행</b>지로 ...",http://www.siminsori.com/news/articleView.html?idxno=289966,"단체 <b>여행</b>객들로 붐볐다. 순천만국가정원을 중심으로 순천만습지, 드라마촬영장, 낙안읍성 등 주요 관광지에는 나흘간 36만명이 넘는 방문객이 몰리며 대한민국 대표 생태·가족 <b>여행</b>지로서의 입지를 굳건히 했다. 이에... ","Wed, 07 May 2025 16:24:00 +0900"
"여수시, 10번째 웹드라마 ‘그림자’ 제작",http://www.jndn.com/article.php?aid=1746602505409071107,"웹드라마 ‘그림자’는 1화 ‘시간<b>여행</b>’, 2화 ‘기억의 섬’, 3화 ‘데칼코마니’, 4화 ‘어둠을 지나’, 5화 ‘빛을 향해’ 등 총 5화, 50분 내외로 제작된다. 촬영지는 율촌 벚꽃길, 율촌역, 여자만 상봉데크길... ","Wed, 07 May 2025 16:24:00 +0900"
"순천시, 황금연휴 4일간 36만명 찾아와…&quot;245억 경제효과&quot;",https://n.news.naver.com/mnews/article/003/0013227121?sid=102,"단체 <b>여행</b>객들로 붐볐다. 순천만국가정원을 중심으로 순천만습지, 드라마촬영장, 낙안읍성 등 주요 관광지는 나흘간 36만 명이 넘는 방문객이 몰리며 대한민국 대표 생태·가족 <b>여행</b>지로서의 입지를 다졌다. 시는 이 기간... ","Wed, 07 May 2025 16:24:00 +0900"
"신한은행, 10개국 통화 환전 가능한 'SOL트래블 라운지 을지로입구역점...",http://www.smedaily.co.kr/news/articleView.html?idxno=325504,'SOL트래블 라운지'는 그룹의 대표 <b>여행</b>자카드인 'SOL트래블카드'의 브랜드를 오프라인으로 확장한... 신한은행 관계자는 &quot;해외로 떠나는 <b>여행</b>객 및 외국인 관광객이 SOL트래블라운지로 편리한 환전 서비스를... ,"Wed, 07 May 2025 16:24:00 +0900"
"조세호 아내, 알고 보니 배지현·나나와 슈퍼모델 동기였던 정수지",http://woman.chosun.com/news/articleView.html?idxno=120835,신혼<b>여행</b>지에서 찍힌 사진에서도 훤칠한 키를 자랑하는 신부와 아담한 신랑 조세호의 모습이 담겨 있어 눈길을 끌었다. 조세호는 최근 유튜브 채널 '임하룡쇼'에서 &quot;아내 키가 174.5cm다. 아침에 나올 때 스텝퍼에... ,"Wed, 07 May 2025 16:24:00 +0900"
[귀여워야 산다] 경직된 산업계 녹이는 ‘귀요미’ 훈풍… 갈등의 시대...,http://www.segyebiz.com/newsView/20250507515188?OutUrl=naver,대표적인 사례가 최근 하나투어가 <b>여행</b> 챌린지 이벤트에 섭외한 묘델 ‘춘봉이’와 ‘첨지’다. 두... 영역동물 특성상 <b>여행</b>은커녕 외출도 어려운 고양이지만 오로지 귀여움만으로 뛰어난 홍보 효과를 낸 셈이다.... ,"Wed, 07 May 2025 16:22:00 +0900"
"에픽하이, 100만 기념 파티 미리하더니…드디어 달성 ‘경사’",https://m.entertain.naver.com/article/144/0001037902,"에픽하이는 유튜브를 또 하나의 무대로 확장하며 사주, 칵테일 제조, 정신건강 상담, <b>여행</b> 등 주제에 제한 없는 다채로운 콘텐츠로 자신들만의 이야기를 써내려 가고 있다. 에픽하이만의 음악적 진심과 인간적인... ","Wed, 07 May 2025 16:22:00 +0900"
"꺼져가는 지역경제 불씨…코레일, 관광열차가 살린다",https://www.dnews.co.kr/uhtml/view.jsp?idxno=202505071116383660121,지역사회에 관광객 방문을 활성화할 수 있는 각종 <b>여행</b>상품을 출시하며 온기가 돌고 있다. 코레일은 현재 ‘지역사랑 철도<b>여행</b>’ 상품을 운영하고 있다. ‘지역사랑 철도<b>여행</b>’은 국민의 <b>여행</b>경비 부담을 줄이고... ,"Wed, 07 May 2025 16:22:00 +0900"
"국내 홍역 환자, 전년 동기 대비 증가...해외<b>여행</b> 감염 주의",https://idsn.co.kr/news/view/1065597531829573,"해외<b>여행</b>을 다녀온 국민의 경우 귀국 후 3주 이내 발열이나 발진 등 증상이 있다면 즉시 의료기관을 방문해... 해외<b>여행</b> 중 감염되어 국내에 입국 후 확진된 해외유입 사례는 69.2%(36명)이다. 이 중 33명은 배트남, 1명은... ","Wed, 07 May 2025 16:22:00 +0900"
"신한은행, 을지로입구역에 'SOL트래블 라운지' 6호점 개점",https://www.newspost.kr/news/articleView.html?idxno=213820,"신한은행 관계자는 &quot;해외로 떠나는 <b>여행</b>객과 외국인 관광객이 'SOL트래블 라운지'를 통해 편리한 환전 서비스를 이용하시길 바란다&quot;며 &quot;앞으로도 전국 주요 거점으로 확대 설치하고, 다양한 상품과 서비스로 금융... ","Wed, 07 May 2025 16:22:00 +0900"
"진도군, 2025 관광두레 참여 모집···최대 8천만 원 지원",https://n.news.naver.com/mnews/article/382/0001195529?sid=102,"이번 모집은 진도군에 거주하는 3인 이상의 주민공동체를 대상으로 하며, 숙박, 체험, 식음, 기념품, 주민<b>여행</b>사 등 관광 관련 사업을 준비 중이거나 이미 운영 중인 공동체가 지원할 수 있고, 선정된 공동체에는 최대... ","Wed, 07 May 2025 16:21:00 +0900"
"에픽하이, 유튜브 구독자 100만 달성…스펙트럼 확장",https://m.entertain.naver.com/article/421/0008235635,"에픽하이는 유튜브를 또 하나의 무대로 확장하며 사주, 칵테일 제조, 정신건강 상담, <b>여행</b> 등 주제에 제한 없는 다채로운 콘텐츠로 자신들만의 이야기를 써내려 가고 있다. 에픽하이만의 음악적 진심과 인간적인 매력을... ","Wed, 07 May 2025 16:21:00 +0900"
"토스, 틴즈 가입 청소년 누적 300만명 돌파",https://www.ekn.kr/web/view.php?key=20250507022004347,월 평균 63만명이 사용하는 저금통은 아이들이 스스로 목표를 세워 저축할 수 있을 뿐 아니라 부모와 함께 <b>여행</b>이나 선물 같은 목표를 정해 저축하며 새로운 공감대를 형성할 수도 있다. 급식표·시간표 등 교내 생활에... ,"Wed, 07 May 2025 16:20:00 +0900"
"하나투어, 싱가포르 만다이 그룹과 업무협약 체결",http://mbnmoney.mbn.co.kr/news/view?news_no=MM1005546803,"하나투어 관계자는 &quot;이번 협약은 자연, 생태 기반의 지속가능한 친환경 <b>여행</b>을 위한 전략적 업무협약&quot;이라며 &quot;싱가포르 지역 내 차별화된 상품 개발로 고객 만족도를 높이고 글로벌 제휴를 확대해 나갈 것&quot;이라고... ","Wed, 07 May 2025 16:20:00 +0900"
"신한은행, 을지로입구역에 'SOL트래블 라운지' 6호점 오픈",http://www.whitepaper.co.kr/news/articleView.html?idxno=246086,'SOL트래블 라운지'는 그룹의 대표 <b>여행</b>자카드인 'SOL트래블카드'의 브랜드를 오프라인으로 확장한... 신한은행 관계자는 &quot;해외로 떠나는 <b>여행</b>객 및 외국인 관광객이 SOL트래블라운지로 편리한 환전 서비스를... ,"Wed, 07 May 2025 16:20:00 +0900"
연극·뮤지컬·윤종신까지···5월 내내 즐길거리 풍성,https://www.iusm.co.kr/news/articleView.html?idxno=1051060,"작품은 유람선을 타고 <b>여행</b> 중이던 소녀가 사랑하는 인형을 바다에 빠뜨리면서, 인형이 소녀를 만나기 위해 바닷속을 <b>여행</b>하는 판타지를 기발하게 이야기한다. 책 속에서 상상만 했던 집이 두 눈앞에 펼쳐지는 환상적인... ","Wed, 07 May 2025 16:20:00 +0900"
"놀유니버스, 오직 NOL 회원만을 위한 혜택 선보여",http://www.lawissue.co.kr/view.php?ud=202505071617152859204ead0791_12,이외에도 이달 말일까지 전체 고객 대상으로 최대 16만 원 국내 <b>여행</b> 할인 혜택과 최대 35만 원 상당의 해외 <b>여행</b> 쿠폰팩을 발급한다. NOL 회원이라면 누구나 참여할 수 있는 경품 추첨 이벤트 ‘NOL DRAW(놀 드로우)’도... ,"Wed, 07 May 2025 16:20:00 +0900"
"순천시, 연휴 36만명 방문··· 245억 효과",https://www.siminilbo.co.kr/news/newsview.php?ncode=1160291943425465,생태ㆍ가족 <b>여행</b>지로서의 입지를 굳건히 했다고 7일 밝혔다. 이에 약 245억원 규모의 직접 및 간접 경제효과가 발생한 것으로 추산되며 순천 경제 활성화의 마중물 역할을 톡톡히 해냈다는 평가다. 특히 지난 4일... ,"Wed, 07 May 2025 16:20:00 +0900"
"전남도, 5월 방문의 달 맞아 ‘남도정원 산책’ 선보여",https://n.news.naver.com/mnews/article/382/0001195525?sid=102,정원을 <b>여행</b>하는 ‘남도정원 산책’ 코스를 선보인다. 이는 2023순천만국제정원박람회 성공 개최 이후 남도... <b>여행</b>하고 싶은 테마별 정원코스를 선택하면 정원의 특징과 주변 정원들과 연계해 <b>여행</b>할 코스를 안내하는 등... ,"Wed, 07 May 2025 16:20:00 +0900"
백화점·대형마트 5월 황금연휴 호실적에 '함박웃음',https://n.news.naver.com/mnews/article/001/0015373826?sid=101,롯데마트 관계자는 &quot;비용 부담으로 긴 연휴에도 <b>여행</b>을 가지 않는 '집콕족'이 많아지면서 덩달아 집밥... 보면 '집에서 휴식을 취한다'는 응답(36.1%)이 근교 나들이(21.7%) 또는 국내 <b>여행</b>을 간다는 응답(13.4%)을 앞섰다.,"Wed, 07 May 2025 16:19:00 +0900"
‘부산 도심 속 힐링 <b>여행</b>’…부산진구 힐링투어버스 출발,https://n.news.naver.com/mnews/article/014/0005346088?sid=102,"도심 한가운데서 역사와 자연, 문화체험을 모두 즐길 수 있는 새로운 관광 콘텐츠가 부산 시민과 관광객을 찾는다. 부산시 부산진구는 오는 10일부터 10월 말까지 ‘부산진 힐링투어버스’를 본격 운행한다고 7일 밝혔다.... ","Wed, 07 May 2025 16:19:00 +0900"
"코레일 '지역사랑 철도<b>여행</b>', 인구감소지역 활성화 구원투수",https://www.bizwork.co.kr/news/articleView.html?idxno=401381,"한국철도공사(코레일)은 '지역사랑 철도<b>여행</b>' 상품이 출시 8개월 만에 8만명이 이용하는 성과를 냈다고 7일 밝혔다. 지역사랑 철도<b>여행</b>은 코레일과 국토교통부·행정안전부 등 정부 부처, 한국관광공사, 한국농어촌공사 및... ","Wed, 07 May 2025 16:18:00 +0900"
연휴 동안 경북 포항에 17만명 다녀가…“관광도시 포항 매력”,https://n.news.naver.com/mnews/article/081/0003539413?sid=102,"앞서 포항은 디지털 <b>여행</b> 플랫폼 ‘부킹닷컴’이 황금연휴 국내 <b>여행</b> 트렌드 조사에서 검색 증가율 1위를 기록한 데 이어, 실제 방문 수치에서도 인기를 입증했다. 단 4일 만에 올해 설 연휴(6일, 15만 6680명) 기간 대비... ","Wed, 07 May 2025 16:18:00 +0900"
'월간 남해' 구독<b>여행</b> 상품 출시,https://www.newsgn.com/news/articleView.html?idxno=481391,"남해관광문화재단은 아이와 함께 매월 남해를 체험할 수 있는 구독형 <b>여행</b> 상품 '월간 남해'를 이달 7일 출시했다. '월간 남해'는 한 번의 결제로 5월부터 11월까지 매월 1회씩, 총 7회의 남해 <b>여행</b> 프로그램에 참여할 수... ","Wed, 07 May 2025 16:18:00 +0900"
[기업] 관광박람회 '2025 올댓트래블' 내일 코엑스 개최...200여 기업 참...,https://n.news.naver.com/mnews/article/052/0002189928?sid=101,"특히 올해는 AI와 AR, 모빌리티, 큐레이션 기반의 스마트 <b>여행</b> 서비스를 선보이는 스타트업이나 지역... 또 하나투어를 비롯한 국내외 20여 개 <b>여행</b>사도 참가해 동남아와 유럽 등 여름 휴가 패키지를 최대 10만 원 이상... ","Wed, 07 May 2025 16:18:00 +0900"
"강진군, 관광택시 '호응'",http://www.jndn.com/article.php?aid=1746601938409059109,"7일 강진군에 따르면 관광택시는 1~3인 소규모 <b>여행</b>객을 대상으로 전문 택시기사가 동행하며, 강진군 내 주요... 단독 이용, 맞춤형 일정, 저렴한 비용까지 삼박자를 고루 갖춘 강진군 관광택시는 강진 <b>여행</b>을 특별하게... ","Wed, 07 May 2025 16:16:00 +0900"
"완도군, 양대 축제 인산인해",https://n.news.naver.com/mnews/article/468/0001145081?sid=102,"‘청정바다로 떠나는 치유와 미식의 <b>여행</b>’을 주제로 개최된 이번 축제는 어린이, 가족 단위, 남녀노소가 함께 즐길 수 있는 체험 프로그램과 볼거리, 먹거리 등이 준비돼 큰 호응을 얻었다. 3일에는 개막식과 함께... ","Wed, 07 May 2025 16:16:00 +0900"
"어딩, 앋트립 14개 파트너사와 '2025 올댓트래블' 참가… 온·오프라인 ...",https://www.nbntv.co.kr/news/articleView.html?idxno=3039065,"파트너 <b>여행</b>사와 함께 참가한다. 이번 박람회는 코엑스, 이데일리, 한국관광스타트업협회, 한국스마트관광협회가 주최 및 주관하며, '<b>여행</b>의 모든 것, 로컬로 통하다!'를 주제로 다양한 분야의 참가 업체를 한자리에서... ","Wed, 07 May 2025 16:16:00 +0900"
“왜 이제야 왔을까” 최다니엘의 한탄...이 늦게 와서 후회했다는 이곳,https://n.news.naver.com/mnews/article/009/0005488281?sid=103,"배우 최다니엘은 요즘 <b>여행</b> 예능 프로그램 대세 출연자로 떠올랐다. 혼자 사는 예능에서 시작해 조곤조곤... 아르헨티나, 르완다, 요르단, 페루 등 고수들도 버킷리스트 <b>여행</b>지로 꼽는 나라를 두려 섭렵하고 돌아왔다.... ","Wed, 07 May 2025 16:15:00 +0900"
"[리뷰] 음악을 듣고 서사를 흡입하는, &lt;페퍼톤스 인 시네마 : 에브리씽 ...",https://m.entertain.naver.com/article/140/0000055100,"페퍼톤스의 객원보컬이었던 김현민이 게스트로 등장해 오랜만에 &lt;해안도로&gt;와 &lt;공원<b>여행</b>&gt;을 부르고, 20주년 기념 앨범에 참여했던 스텔라장이 무대에 올라 목소리를 더한다. 페퍼톤스의 팬도, 페퍼톤스를 알아가고 싶은... ","Wed, 07 May 2025 16:15:00 +0900"
"세븐일레븐, 3천원대 덮밥에 식사빵까지… &quot;주머니 얇은 MZ들 환영해요&quot;",https://n.news.naver.com/mnews/article/009/0005488283?sid=101,최근 들어 사회관계망서비스(SNS)에서 일본 스프레드 상품들이 다양한 맛과 용도로 인기를 끌면서 일본 <b>여행</b> 필수 쇼핑 리스트에도 오르고 있는 만큼 이에 대응해 마루와유지크림브륄레와 마루와유지땅콩크림 2종을... ,"Wed, 07 May 2025 16:15:00 +0900"
[신간] 서울 사찰만 돌아도 불교미술에 대한 안목이 생긴다,https://m.skyedaily.com/news_view.html?ID=272116,"스카이데일리 임유이기자 = 신간 ‘일상이 고고학, 나 혼자 서울 사찰 <b>여행</b>’은 숭유억불 정책으로 불교가... 서울 사찰 <b>여행</b>은 사라진 사찰 원각사로부터 시작해 현존하는 흥천사·봉은사·승가사·옥천암·호국지장사... ","Wed, 07 May 2025 16:14:00 +0900"
구리시 &quot;유채꽃 축제 먹거리 문화누리카드로 결제하세요&quot;,https://www.kfenews.co.kr/news/articleView.html?idxno=635968,'문화누리카드'는 문화체육관광부와 한국문화예술위원회가 지원하는 문화복지 사업으로 6세 이상 기초생활수급자 또는 차상위계층에 연간 14만원을 지원해 문화예술·<b>여행</b>·체육활동 등에 사용할 수 있도록 하는 바우처... ,"Wed, 07 May 2025 16:14:00 +0900"
"여수시, 10번째 웹드라마 '그림자' 제작 스타트…내달 배포 목표",http://www.namdonews.com/news/articleView.html?idxno=818918,"웹드라마 '그림자'는 1화 '시간<b>여행</b>', 2화 '기억의 섬', 3화 '데칼코마니', 4화 '어둠을 지나', 5화 '빛을 향해' 등 총 5화, 50분 내외로 제작된다. 주요 촬영지는 율촌 벚꽃길, 율촌역(폐역), 여자만 상봉데크길, 반월마을, 선소... ","Wed, 07 May 2025 16:14:00 +0900"
"교보생명, 광화문글판 특별편 공개",https://www.lcnews.co.kr/news/articleView.html?idxno=100585,"교보생명 통합 앱에서는 오는 12일부터 다음달 8일까지 가족에게 전하고 싶은 따뜻한 말 한마디를 접수 받는다. 댓글을 남기는 것만으로 응모할 수 있으며, 당첨 시 제주 가족<b>여행</b> 상품권, 외식 상품권 등을 제공한다.","Wed, 07 May 2025 16:14:00 +0900"
올해 홍역 환자 52명…&quot;해외<b>여행</b> 후 발열·발진 시 진료&quot;,https://www.ajunews.com/view/20250507160128316,"com 홍역 발진 증상 [사진=질병관리청[ 전 세계적인 홍역 유행으로 방역당국이 해외<b>여행</b> 후 발열이나 발진... 병원 방문 시 해외<b>여행</b> 이력을 의료진에 알리고, 의료진은 의심 환자로 판단되면 즉시 관할 보건소에... ","Wed, 07 May 2025 16:14:00 +0900"
뜨거운 햇살 막아주고…세련된 핏까지 잡아주네,https://n.news.naver.com/mnews/article/009/0005488279?sid=101,올리비아하슬러는 나들이와 여름휴가 등 본격적으로 야외활동이 증가하는 시기를 겨냥해 일상에서는 물론이고 가벼운 운동과 <b>여행</b>지에서의 스타일 연출까지 가능하도록 상품을 구성했다. 여름 필수 아이템으로 얇고... ,"Wed, 07 May 2025 16:14:00 +0900"
"성남시, '지구촌 어울림 축제' 11일 시청서 열어 세계<b>여행</b>",http://www.globalepic.co.kr/view.php?ud=202505071358133165f69d33b22_29,세계<b>여행</b>’을 주제로 한 다양한 행사가 열린다. 기념식은 이날 오후 2시 시청 광장 특설무대에서 열린다.... 펼쳐질 것”이라면서 “성남에서 세계<b>여행</b>을 하듯 축제를 즐길 바란다”고 말했다. [글로벌에픽 이정훈 CP / ],"Wed, 07 May 2025 16:14:00 +0900"
"코스피, 외국인 대규모 매수에 2,570선 회복…SK하이닉스·한화에어로스...",https://www.topstarnews.net/news/articleView.html?idxno=15658498,"방산, 에너지, 항공 업종에 대한 관심이 돋보였으며, 특히 항공주 대한항공에 대한 기관 매수세는 <b>여행</b>수요 회복 기대를 반영한 것으로 풀이된다. 그러나 HD현대중공업(314억원), 기아(232억원), 한화오션(215억원)... ","Wed, 07 May 2025 16:14:00 +0900"
"코레일, ‘지역사랑 철도<b>여행</b>’ 8만명 돌파…지방 활성화 앞장",https://n.news.naver.com/mnews/article/119/0002953309?sid=101,"한국철도공사(코레일)는 '지역사랑 철도<b>여행</b>' 상품이 출시 8개월 만에 8만명이 이용하는 성과를 냈다고 7일 밝혔다. 지역사랑 철도 <b>여행</b>상품은 코레일과 국토교통부, 행정안전부 등의 정부 부처와 한국관광공사... ","Wed, 07 May 2025 16:13:00 +0900"
"완도군, '치유 페이' 3000명 이용 이벤트",http://www.jnilbo.com/76947573371,"7일 완도군에 따르면 ‘완도 치유 페이’는 <b>여행</b> 경비의 최대 20만원을 지원해 주는 관광 정책으로, 지난 3월1일 첫 번째 방문객 환영 이벤트를 시작한 이후 1000번째, 3000번째 이용객을 맞이했다. 서정창 완도군... ","Wed, 07 May 2025 16:13:00 +0900"
"신한은행, 을지로입구역에 `SOL트래블 라운지` 오픈",https://n.news.naver.com/mnews/article/029/0002952905?sid=101,'SOL트래블 라운지'는 그룹의 대표 <b>여행</b>자카드인 'SOL트래블카드'의 브랜드를 오프라인으로 확장한... 신한은행 관계자는 &quot;해외로 떠나는 <b>여행</b>객 및 외국인 관광객이 SOL트래블라운지로 편리한 환전 서비스를... ,"Wed, 07 May 2025 16:13:00 +0900"
"롯데면세점, 해외<b>여행</b> 떠나기전…면세쇼핑 똘똘하게 즐기세요",https://n.news.naver.com/mnews/article/009/0005488268?sid=101,다가오는 여름휴가철 해외<b>여행</b>을 떠나는 고객에게 더욱 풍성한 혜택을 제공하겠다는 각오다.... 롯데면세점 시내점에서 300달러 이상 구매하고 응모한 내국인 고객을 대상으로 추첨을 통해 1등 하와이 <b>여행</b>권(1명... ,"Wed, 07 May 2025 16:12:00 +0900"
"성남시, 11일 '제14회 지구촌 어울림 축제' 개최",http://www.enewstoday.co.kr/news/articleView.html?idxno=2273703,"'성남시에서 떠나는 세계<b>여행</b>'을 주제로 열리는 이번 축제에는 외국인 주민, 다문화가족, 일반시민 등 5,000여 명이 참여할 것으로 예상된다. 오후 2시 시청 광장 특설무대에서 열리는 기념식에는 27개 나라 국기 퍼레이드... ","Wed, 07 May 2025 16:12:00 +0900"
"GS25, 지역 상생 및 차별화된 경험 제공…전국 각지 수제맥주 출시",https://www.lcnews.co.kr/news/articleView.html?idxno=100583,'주루마블'은 전국 각 지역의 특색 있는 수제맥주를 소개하며 고객들이 전국을 <b>여행</b>하듯 다양한 맛의 맥주를 경험할 수 있도록 기획된 프로젝트다. 단순한 주류 유통을 넘어 지역 특산물과 문화를 알리고 상생의... ,"Wed, 07 May 2025 16:12:00 +0900"
"이장우 대전시장 &quot;잼잼도시, 젊은도시로 상승 기운… 꿈돌이 세계화&quot;",https://www.newscj.com/news/articleView.html?idxno=3266614,"대전시는 야놀자, 인터파크 투어, 트리플의 <b>여행</b>·여가 트랜드 예약 데이터 분석 결과, 최장 6일간의 황금연휴가 가능했던 지난 1일부터 6일까지의 국내 숙박 예약 건수에서 숙박 예약 건수 성장률이 전년동기 대비 190%로... ","Wed, 07 May 2025 16:10:00 +0900"
"카카오페이, 1분기 순익 144억원 '흑자전환'",https://www.news2day.co.kr/article/20250507500201,"카카오페이손보는 국내<b>여행</b>보험, 선물하는 자녀보험 등 신규 상품을 연속 출시하며 상품 라인업을 확장했다. 카카오페이 관계자는 &quot;결제·금융·기타 서비스 등 모든 사업 영역이 고르게 성장한 가운데 금융... ","Wed, 07 May 2025 16:10:00 +0900"
에디터가 추천하는 일본 사가 료칸 &amp; 호텔,https://www.travie.com/news/articleView.html?idxno=54197,온천과 도심 <b>여행</b>이 매력인 지역이다. <b>여행</b> 준비의 첫걸음은 숙소 선정이다. 사가를 잘 느낄 수 있는 3곳의 둥지를 모았다. 삼나무가 전하는 힐링 온크리 사가에는 특별한 온천이 있다. 같은 현에 우레시노와 다케오라는... ,"Wed, 07 May 2025 16:10:00 +0900"
"에픽하이, BTS 컬래버 이어 겹경사…제대로 '금 방석' 앉는다",https://m.entertain.naver.com/article/213/0001337462,"에픽하이 채널은 이 밖에도 사주풀이, 칵테일 제조, 정신건강 상담, <b>여행</b>기 등 장르를 가리지 않는 다채로운 콘텐츠로 채워지고 있다. 음악뿐 아니라 인간으로서의 모습을 있는 그대로 보여주는 이들의 콘텐츠는... ","Wed, 07 May 2025 16:09:00 +0900"
"신한은행, 'SOL트래블 라운지' 을지로입구역점 오픈",https://www.slist.kr/news/articleView.html?idxno=641297,"'SOL트래블 라운지'는 그룹의 대표 <b>여행</b>자카드인 'SOL트래블카드'의 브랜드를 오프라인으로 확장한 공간으로, 고객들은 최대 미화 2천달러까지 ▲주요통화 4종(USD·JPY·EUR·CNY) ▲기타통화 6종(THB·PHP·VND·SGD·TWD... ","Wed, 07 May 2025 16:08:00 +0900"
"[인터뷰] 그림책과 미술로 마음을 키우다, 독서미술학원 '니즈아트' 정도...",http://www.sisacast.kr/news/articleView.html?idxno=73477,"그러던 어느 날, <b>여행</b> 갔던 바다 사진을 뽑아오더니 그 바다를 보고 물감으로 표현하면서 '행복하다'고 말했어요. 그 순간 막혀있던 감정의 어느 부분이 확 뚫렸다는 것 느낄 수 있었습니다. 이제 자신의 정교함을... ","Wed, 07 May 2025 16:08:00 +0900"
“한국 관객 어마어마한 열정 인상적”···쇼팽 콩쿠르 우승자 브루스...,https://n.news.naver.com/mnews/article/032/0003367943?sid=103,관객이 러시아인의 영혼이 겪는 감정의 사계절을 <b>여행</b>하는 느낌이 들도록 프로그램을 구성했어요.” 이번 리사이틀에서는 차이콥스키의 ‘사계’를 1부와 2부에서 각기 절반씩 나눠서 연주한다. “(6곡씩 나눠서... ,"Wed, 07 May 2025 16:07:00 +0900"
"다와다 요코, 교보인문학석강 첫 방한 강연…&quot;언어와 언어 사이에서 쓰...",https://n.news.naver.com/mnews/article/079/0004021222?sid=103,"국내에는 '헌등사' 외에 '지구에 아로새겨진', '눈의 <b>여행</b>자', '태양제도' 등의 작품으로 잘 알려져 있다. 이번 강연은 다와다 요코가 직접 방한해 진행하는 첫 공개 행사로 일본어 강연에 한국어 동시통역이 제공된다.... ","Wed, 07 May 2025 16:07:00 +0900"
"코레일, '지역사랑 철도<b>여행</b>' 인구감소지역 활성화 구원투수 나서",http://www.thepowernews.co.kr/news/articleView.html?idxno=155395,"철도<b>여행</b>' 상품이 출시 8개월 만에 이용객 8만 명을 돌파하며 기대 이상의 반응을 얻고 있다. 이 상품은 인구감소지역을 중심으로 열차 운임 할인과 관광 체험 혜택을 결합한 <b>여행</b> 프로그램으로, MZ세대부터 시니어층까지... ","Wed, 07 May 2025 16:06:00 +0900"
"놀유니버스, NOL 회원 위한 혜택 오픈",https://www.kfenews.co.kr/news/articleView.html?idxno=635957,이외에도 이달 말일까지 전체 고객 대상 최대 16만원 국내 <b>여행</b> 할인 혜택과 최대 35만원 상당의 해외 <b>여행</b> 쿠폰팩을 발급한다. NOL 회원이라면 누구나 참여할 수 있는 경품 추첨 이벤트 'NOL DRAW(놀 드로우)'도... ,"Wed, 07 May 2025 16:06:00 +0900"
[카드뉴스] 5월 둘째 주 개봉예정영화 '바이러스' 外,http://www.popcornnews.net/news/articleView.html?idxno=79561,"베트남 <b>여행</b>에서 민혁은 짜릿한 이중생활을 만끽한다. 그러나 갑작스러운 고통과 함께 죽음을 맞이한 그 순간, 눈을 뜨니 <b>여행</b> 첫날로 되돌아가 있다. 반복되는 죽음의 끝에서 민혁은 이 휴가에 감춰진 충격적인 진실과... ","Wed, 07 May 2025 16:06:00 +0900"
개장367년 역사 대구약령시…8일 한방축제문화 개막,https://www.idaegu.com/news/articleView.html?idxno=636551,"시간<b>여행</b>을 소재로 하여 과거와 현대를 접목해 '타임 인 조선', '타임 인 약령', '타임 인 한방' 등 3가지 테마 거리를 조성해 다양한 시민참여형 전시·체험 프로그램을 확대한다. '타임 인 조선' 거리는 약령문 서편... ","Wed, 07 May 2025 16:06:00 +0900"
"증평군립도서관, 특별 프로그램 마련",http://www.bzeronews.com/news/articleView.html?idxno=710269,"6월 15일과 22일에는 초등 1~3학년을 위한 '세계<b>여행</b> 스토리타임', 7월 29일~ 8월 1일에는 6~7세 유아와 초등 1~3학년 대상 '세계의 장난감 공방'이 진행된다. 또 9월 6일과 13일에는 초등 1~6학년 대상 '세계의 축제'가, 9월 20일... ","Wed, 07 May 2025 16:06:00 +0900"
모두투어 '모두시그니처 대만' 신상품 선봬,http://www.smedaily.co.kr/news/articleView.html?idxno=325492,"사진/모두투어 모두투어가 다가오는 여름 성수기를 맞아 프리미엄 <b>여행</b> 수요를 겨냥한 '모두시그니처 대만' 신상품을 선보인다고 7일 밝혔다. 모두시그니처는 모두투어의 대표 프리미엄 브랜드로, <b>여행</b>의 본질적인... ","Wed, 07 May 2025 16:06:00 +0900"
[최카피의 딴 생각] 당신의 '일상'도 돌아오길 바라며,http://www.economytalk.kr/news/articleView.html?idxno=406734,"특히 전기와 수도가 없이 살아 본 적 없는 세대, 여름에 시원한 물, 겨울에 따뜻한 물로 샤워하는 걸 당연시하는 세대, 사방팔방으로 뚫린 고속도로로 전국 곳곳을 <b>여행</b>하며 오지라는 개념조차 희박해진 세대에겐 이 상상은... ","Wed, 07 May 2025 16:04:00 +0900"
"놀유니버스, 신규 가입자 국내 숙소 10% 할인",https://n.news.naver.com/mnews/article/117/0003940458?sid=103,이 외에도 전체 고객을 대상으로 최대 16만원 상당 국내 <b>여행</b> 할인 혜택과 최대 35만원 상당 해외 <b>여행</b> 쿠폰팩도 지급한다. 아울러 모든 NOL 회원이 참여할 수 있는 경품 추첨 이벤트 ‘NOL 드로우’를 운영한다. 국내외... ,"Wed, 07 May 2025 16:04:00 +0900"
"신한은행, 'SOL트래블 라운지' 을지로입구역점 오픈",http://www.smarttimes.co.kr/news/articleView.html?idxno=32872,'SOL트래블 라운지'는 그룹의 대표 <b>여행</b>자카드인 'SOL트래블카드'의 브랜드를 오프라인으로 확장한... 신한은행 관계자는 &quot;해외로 떠나는 <b>여행</b>객 및 외국인 관광객이 SOL트래블라운지로 편리한 환전 서비스를... ,"Wed, 07 May 2025 16:04:00 +0900"
"&quot;'K-컬처'의 힘, 천안서 느껴 보세요&quot;…내달 4∼8일 5일간 독립기념관서...",https://www.econovill.com/news/articleView.html?idxno=694845,이 자리에서 국내외 관람객은 물론 <b>여행</b>사를 대상으로 박람회 소개 홍보물을 배포하는 동시에 주요 콘텐츠를 담은 홍보영상을 상영할 예정이다. 앞서 시는 지난 4∼5일 각각 독립기념관 어린이날 행사와 천안시... ,"Wed, 07 May 2025 16:04:00 +0900"
특별한 <b>여행</b>은 아니더라도,http://www.domin.co.kr/news/articleView.html?idxno=1513371,"여수 <b>여행</b>을 추억하며 가끔 다녀온다고 했다. 그리고 그곳에 가면 휴대폰으로 꼭 나를 소환했고, 나도 그... 할머니와 어머니, 마을 어른들과 공소 신부님, 선생님과 동무들, 아버지와 기차 <b>여행</b> 등 남도의 작은 마을에서... ","Wed, 07 May 2025 16:04:00 +0900"
"&quot;화이트와 파스텔 감성 대폭발&quot;…송세라, 부산 베루툼 팝업→설렘 가득...",https://www.topstarnews.net/news/articleView.html?idxno=15658490,특별한 하루를 오롯이 담은 문장마다 부산 <b>여행</b>의 진한 여운이 묻어난다. 베루툼 로고가 새겨진 각양각색의... 표정에는 <b>여행</b>의 피곤함 대신 한껏 충만한 만족과 설렘이 드러난다. 새로움과 즐거움이 동시에 어우러진... ,"Wed, 07 May 2025 16:04:00 +0900"
"BAT로스만스, '글로벌 에디션 바이 던힐' 한국 출시···전 세계 최초",https://www.ziksir.com/news/articleView.html?idxno=89965,"대표적인 <b>여행</b>지인 뉴욕, 파리, 런던을 테마로 한 3종 제품으로 출시된다. '글로벌 에디션 바이 던힐'은 한국 소비자의 라이프스타일과 선호도가 세심하게 반영된 제품이다. 일상을 <b>여행</b>하듯 즐기며 자유로운 탐험을... ","Wed, 07 May 2025 16:04:00 +0900"
"정재형과 빠니보틀, 모리셔스의 수중폭포에 빨려들다",https://www.sisamagazine.co.kr/news/articleView.html?idxno=513930,"진짜 천국, 모리셔스가 눈물로 벅차오르다 ENA 예능 프로그램 '지구마불 세계<b>여행</b>3'(이하 '지구마불3') 7회에서는 인도양의 낙원 모리셔스를 배경으로 펼쳐진 빠니보틀과 정재형의 <b>여행</b>기가 그려졌다. '지구마불3'는... ","Wed, 07 May 2025 16:03:00 +0900"
"놀유니버스, 국내 숙소 10% 할인 등 'NOL 회원 혜택' 오픈",https://n.news.naver.com/mnews/article/241/0003435085?sid=101,이외에도 이달 말일까지 전체 고객 대상으로 최대 16만원 국내 <b>여행</b> 할인 혜택과 최대 35만원 상당의 해외 <b>여행</b> 쿠폰팩을 발급한다. NOL 회원이라면 누구나 참여할 수 있는 경품 추첨 이벤트 ‘NOL DRAW(놀 드로우)’도... ,"Wed, 07 May 2025 16:03:00 +0900"
"대한항공, 3년 만에 최고의 하루… KB證 “단기 반등 머물 것”",https://n.news.naver.com/mnews/article/366/0001075105?sid=101,세부적으로 보면 환율 하락으로 한국인 해외<b>여행</b>이 늘면 평균 여객 단가가 상승한다. 상대적으로 한국인이 고단가 고객이기 때문이다. 강 연구원은 원·달러 환율이 50원 내리면 대한항공의 영업이익 개선 폭이 830억원... ,"Wed, 07 May 2025 16:03:00 +0900"
"프라임매니지먼트, 생활형 숙박시설 시장서 차별화된 호텔 운영전략 본...",http://www.globalepic.co.kr/view.php?ud=2025050715302547739aeda69934_29,"프라임매니지먼트는 이곳의 위탁운영사로서 더블, 트윈, 복층 구조 등 다양한 객실을 호텔 방식으로 직접 운영하고 있으며, OTA(온라인 <b>여행</b>사) 전략과 단체 대상 B2B 영업을 통해 객실 점유율과 수익 안정성을 동시에... ","Wed, 07 May 2025 16:02:00 +0900"
"서양화가 김수선 작가,존중과 상생의 'Relationship' 초대 개인전 열어",https://www.kgnews.co.kr/news/article.html?no=843625,"F.A) 출신의 중견작가로 현재 (사)한국미술협회, 한국전업미술가협회, G-ART 소속으로 왕성하게 활동하고 있다. [ 경기신문 = 이화우 기자 ] 김수선초대전 포스터(포스터= 김성수 분화예술<b>여행</b> TV 대표 제공) 김수선 작가","Wed, 07 May 2025 16:02:00 +0900"
"카카오페이, 1Q 순익 143억 전년比 176.4% 증가",https://it.chosun.com/news/articleView.html?idxno=2023092140061,카카오페이손해보험은 신규상품을 연속 출시하며 라인업 카테고리를 확장했다. 국내<b>여행</b>보험은 출시 1개월 만에 가입자 1만명을 돌파했다. 전대현 기자 jdh@chosunbiz.com,"Wed, 07 May 2025 16:02:00 +0900"
"[사이언스온고지신] 발명 60년, 오늘을 만들다 내일을 꿈꾸다",https://n.news.naver.com/mnews/article/030/0003310072?sid=110,"새로운 60년이 채 되기 전까지 대한민국 발명인의 아이디어로 보이지 않는 휴대폰으로 통화하고, 바퀴 없는 자동차를 타면서 가족과 함께 <b>여행</b> 다니는 그날을 꿈꿔본다. 발명 60년, 오늘을 만들다 내일을 꿈꾸다. 황철주... ","Wed, 07 May 2025 16:02:00 +0900"
[7일 광양교육청] 어린이날 기념행사 실시 등,https://www.asiatime.co.kr/article/20250507500332,"제공=광양교육청 광양교육지원청은 지난 3일 광양 서천변 일원에서 '꿈꾸는 너와 나, 즐거운 어린이날 <b>여행</b>'이라는 주제로 제103회 어린이날 기념 행사를 실시했다. 광양시가 주최하고 광양교육지원청과... ","Wed, 07 May 2025 16:02:00 +0900"
[혁신플랫폼톡]AI 에이전트가 바꿀 <b>여행</b>업의 미래,https://n.news.naver.com/mnews/article/030/0003310062?sid=101,"팬데믹이 종식되고 3년이 지났지만, <b>여행</b>산업의 회복은 기대만큼 빠르지 않다. <b>여행</b>업체 수는 거의 그대로인데, 업계 종사자 수는 절반 이하로 줄었다. <b>여행</b>이 다시 일상이 되었지만, <b>여행</b> 산업의 본질인 '사람'이... ","Wed, 07 May 2025 16:01:00 +0900"
"전남도, 남도정원 산책코스 운영",https://n.news.naver.com/mnews/article/081/0003539404?sid=100,전남도는 5월 전남 방문의 달을 맞아 남도의 멋과 풍류를 담은 정원을 <b>여행</b>하는 ‘남도정원 산책’ 코스를... <b>여행</b>하고 싶은 테마별 정원코스를 선택하면 정원의 특징과 주변 정원들과 연계해 <b>여행</b>할 코스를 안내하는 등... ,"Wed, 07 May 2025 16:01:00 +0900"
"호텔·컨벤션 행사장 온라인 간편 예약 '루북', 시리즈A 투자유치",https://n.news.naver.com/mnews/article/008/0005190504?sid=101,이번 투자를 주도한 현대투자파트너스의 이준병 과장은 &quot;루북은 B2B <b>여행</b> 및 이벤트 산업의 틈새를 정확히... 이는 현재 대다수 온라인 <b>여행</b>사(OTA)에서 제대로 다루지 못하던 시장이다. 루북 관계자는 &quot;MICE(기업회의... ,"Wed, 07 May 2025 16:00:00 +0900"
"CJ올리브영·한국콜마, K뷰티 스타트업 육성 협력…놀유니버스, 신규 NO...",http://www.sisaon.co.kr/news/articleView.html?idxno=170804,이외 이달 말일까지 전체 고객 대상으로 최대 16만 원 국내 <b>여행</b> 할인 혜택과 최대 35만 원 상당의 해외<b>여행</b> 쿠폰팩을 제공한다. NOL 전체 회원을 대상으로 경품 추첨 이벤트 'NOL DRAW'도 진행한다. 매일 추첨을 통해... ,"Wed, 07 May 2025 16:00:00 +0900"
"유한킴벌리, 크리넥스 '다이노탱' 스페셜 에디션 출시",https://www.ziksir.com/news/articleView.html?idxno=89961,"대상 제품인 신제품 마이비데 클린케어 미니는 외출, <b>여행</b>, 캠핑 등 외부 환경에서 위생적인 마무리를 원하는 소비자 니즈를 반영해 미니 사이즈를 적용했다. 변기 내림 시 물의 마찰력과 미생물로 생분해되는 원단을... ","Wed, 07 May 2025 16:00:00 +0900"
"놀유니버스, 5월 신규 NOL 회원에 국내숙소 10% 할인쿠폰",https://www.nbnews.kr/news/articleView.html?idxno=108766,이철웅 놀유니버스 최고마케팅책임자는 &quot;NOL 고객들에게 <b>여행</b>·여가·문화생활 속에서 더 특별한 즐거움을... [도표 NBN NEWS] 이외에도 이달 말일까지 전체 고객 대상으로 최대 16만원 국내<b>여행</b> 할인혜택과 최대 35만원... ,"Wed, 07 May 2025 16:00:00 +0900"
"전남도, 전국 첫 정원관광 ‘남도정원 산책’ 운영",http://www.jnilbo.com/76947299680,전라남도가 5월 전남 방문의 달을 맞아 남도의 멋과 풍류를 담은 다양한 정원을 <b>여행</b>하는 ‘남도정원... 또 <b>여행</b>하고 싶은 테마별 정원코스를 선택하면 정원의 특징과 주변 정원들과 연계해 <b>여행</b>할 코스를 안내하는 등... ,"Wed, 07 May 2025 15:59:00 +0900"
"경남도, 해양레저관광 본격 활성화 팔 걷어",https://n.news.naver.com/mnews/article/629/0000387811?sid=102,"해양스포츠대회 개최, 글로벌 해양레저관광도시로 성장 치유와 안전 담은 해수욕장 개장, 섬 특화 해양공원 조성 경남도는 여름 <b>여행</b> 성수기를 앞두고 남해에서 즐길 수 있는 해양레저 관광 활성화에 나선다. 현재 경남은... ","Wed, 07 May 2025 15:58:00 +0900"
"최시훈 에일리 부부, 몰디브 신혼<b>여행</b> 근황 공개",https://www.job-post.co.kr/news/articleView.html?idxno=146744,출처=에일리SNS 가수 에일리와 남편 최시훈이 몰디브에서 신혼<b>여행</b> 중인 근황을 공개했다. 에일리는 지난 3일 자신의 SNS에 &quot;모히또에서 몰디브 한잔 하고 왔습니다&quot;라는 글과 함께 다수의 사진을 게재했다. 공개된... ,"Wed, 07 May 2025 15:58:00 +0900"
성주향교로 떠나는 선비<b>여행</b> 눈길,http://www.seongjuro.co.kr/news/view.php?idx=57199,고요한 분위기의 성주향교가 봄을 맞아 가족들의 발걸음과 웃음소리로 가득하다. 국가 보물로 지정된 성주향교가 선현들의 지혜를 따라가는 특별한 문화체험의 장으로 변모했다. 문화재청 공모사업인 우리고장... ,"Wed, 07 May 2025 15:58:00 +0900"
"어딩, '2025 올댓트래블' 참가, 앋트립 14개 파트너 <b>여행</b>사와 온·오프라...",https://www.siminilbo.co.kr/news/newsview.php?ncode=1160290400764342,"파트너 <b>여행</b>사와 함께 참가한다고 밝혔다. 이번 박람회는 코엑스, 이데일리, 한국관광스타트업협회, 한국스마트관광협회가 주최 및 주관하며, '<b>여행</b>의 모든 것, 로컬로 통하다!'를 주제로 다양한 분야의 참가 업체를... ","Wed, 07 May 2025 15:58:00 +0900"
"KB국민카드, 행복 가득 혜택 가득 'Joyful Festival' 이벤트 전개",http://www.bizwnews.com/news/articleView.html?idxno=102261,KB국민카드(기업·비씨 제외) Visa 브랜드 보유 고객을 대상으로 인기 <b>여행</b>지인 하와이·괌·사이판·발리 <b>여행</b> 때 항공권부터 호텔·교통·맛집·쇼핑까지 <b>여행</b> 일정 곳곳에 풍성한 할인 혜택도 7월 18일까지... ,"Wed, 07 May 2025 15:58:00 +0900"
"&quot;사회초년생 전 재산 앗아갔다&quot;…경북 전세사기피해자 대책위, 엄벌 수...",https://n.news.naver.com/mnews/article/088/0000946321?sid=102,"B씨는 타 지역에서 구미로 옮겨 와 일을 하며 먹고 싶은 것, 입고 싶은 것, <b>여행</b> 가고 싶은 것 등 참은 채 어렵게 목돈을 모았다. 하지만 월 고정비를 조금이라도 아끼려고 다가구건물에 전세로 들어갔다가 결국 전재산인... ","Wed, 07 May 2025 15:57:00 +0900"
"전남도, 남도 멋·풍류 19개 테마코스 '남도정원 산책' 선보여",https://www.newspim.com/news/view/20250507000788,전남도는 5월 전남 방문의 달을 맞아 남도의 멋과 풍류를 담은 다양한 정원을 <b>여행</b>하는 '남도정원 산책... <b>여행</b>하고 싶은 테마별 정원코스를 선택하면 정원의 특징과 주변 정원들과 연계해 <b>여행</b>할 코스를 안내하는 등... ,"Wed, 07 May 2025 15:57:00 +0900"
"카카오페이, 1분기 영업익 44억원... &quot;흑자전환 성공&quot;",https://n.news.naver.com/mnews/article/123/0002358453?sid=101,"시장을 선도하고 있는 해외<b>여행</b>보험에 이어 선보인 국내<b>여행</b>보험도 출시 1개월 만에 가입자 1만 명을 돌파하며 빠른 속도로 시장에 안착하고 있으며, '선물하는 자녀보험'을 통해 가족 관련 카테고리의 범주를... ","Wed, 07 May 2025 15:57:00 +0900"
"오프라인 성장 업은 카카오페이, 상장 후 '첫 흑자' 달성",https://n.news.naver.com/mnews/article/421/0008235554?sid=105,카카오페이손해보험은 신규 상품인 '국내<b>여행</b>보험'과 '선물하는 자녀 보험'을 출시하며 상품 라인업을 확장했다. 박 총괄 리더는 &quot;국내<b>여행</b>보험은 출시 1개월 만에 누적 가입자 수 1만 명을 돌파하며 국내 <b>여행</b>... ,"Wed, 07 May 2025 15:56:00 +0900"
"카카오페이, 상장 후 첫 분기 '흑자'…&quot;연간 흑자 가능성&quot;(종합)",https://n.news.naver.com/mnews/article/003/0013227054?sid=101,"시장을 선도하고 있는 해외<b>여행</b>보험에 이어 선보인 국내<b>여행</b>보험도 출시 1개월 만에 가입자 1만명을 돌파했다. 향후 장기성 보험, 건강보험 상품을 다변화하고 차별적 경험을 제공한다는 계획이다. 카카오페이 측은... ","Wed, 07 May 2025 15:56:00 +0900"
"진도군, 관광두레 사업 참여 공동체 모집",https://www.gukjenews.com/news/articleView.html?idxno=3268538,"모집 대상은 진도군에 거주하는 3인 이상의 주민공동체이며, 숙박·체험·식음·기념품·<b>여행</b>사 등 관광 관련 사업을 준비 중이거나 운영 중인 단체가 지원할 수 있다. 선정된 공동체에는 최대 8천만 원의 사업비가 4년간... ","Wed, 07 May 2025 15:56:00 +0900"
도서관서 만나는 다문화 세계,https://www.cctoday.co.kr/news/articleView.html?idxno=2211733,"내달 15~22일에는 초등 1~3학년을 위한 '세계<b>여행</b> 스토리타임', 7월 29일~ 8월 1일에는 6~7세 유아와 초등 1~3학년 대상 '세계의 장난감 공방'이 진행된다.또 9월 6일과 13일에는 초등 1~6학년 대상 '세계의 축제'가 같은 달... ","Wed, 07 May 2025 15:56:00 +0900"
"코레일, '지역사랑 철도<b>여행</b>' 인구감소지역 활성화 '구원투수' 나서",http://www.ikld.kr/news/articleView.html?idxno=312820,아침인사(양성영作).(사진제공 : 코레일) 코레일은 지역사랑 철도 <b>여행</b>상품이 출시 8개월 만에 8만여 명이 이용하며 인구감소지역 구원투수로 나서고 있다고 오늘(7일) 밝혔다. '지역사랑 <b>여행</b>상품'은 MZ세대 감성부터... ,"Wed, 07 May 2025 15:56:00 +0900"
